{"cameraMode":{"drawMode":0,"name":"Shaded","section":"Shading Mode"},"sceneLighting":false,"audioPlay":false,"sceneViewState":{"m_AlwaysRefresh":false,"showFog":true,"showSkybox":false,"showFlares":true,"showImageEffects":true,"showParticleSystems":true,"showVisualEffectGraphs":true,"m_FxEnabled":true},"in2DMode":false,"pivot":{"x":15.530956268310547,"y":-0.47681236267089846,"z":-6.182582855224609},"rotation":{"x":-0.015111277811229229,"y":0.9640291929244995,"z":-0.2593548595905304,"w":-0.05616910383105278},"size":21.133766174316408,"orthographic":false}